{
    "params": {
        "dropout": 0.2,
        "loss": "log_cosh"
    },
    "hq": {
        "seen_unseen_standard": 0.4962653597966423,
        "validation_standard": 0.6541344721006026,
        "seen_test_standard": 0.6506528502791772,
        "seen_test_hq": 0.7098061452414081,
        "val_miou": [0.6096381545066833, 0.6695945262908936, 0.6213800311088562, 0.7061988115310669, 0.7207357287406921, 0.6927245855331421, 0.7137900590896606, 0.7327977418899536, 0.7371866106987],
        "best_epoch": 8,
        "train_miou": [0.619377076625824, 0.6835013628005981, 0.6325463056564331, 0.728585958480835, 0.7449275255203247, 0.7240182161331177, 0.7426667213439941, 0.7710122466087341, 0.7783114314079285]
    },
    "lq": {
        "seen_unseen_standard": 0.5160802411406923,
        "validation_standard": 0.702072793520347,
        "seen_test_standard": 0.6795578394142947,
        "seen_test_hq": 0.6823754453648273,
        "val_miou": [0.6154581308364868, 0.6524351835250854, 0.6712495684623718, 0.6847190260887146, 0.6621240377426147, 0.6900617480278015, 0.6851321458816528, 0.6953844428062439, 0.6932843923568726],
        "best_epoch": 7,
        "train_miou": [0.6191750764846802, 0.667303204536438, 0.6990813612937927, 0.7147178053855896, 0.6836056709289551, 0.7309315800666809, 0.7314428687095642, 0.7527433037757874, 0.7531290054321289, 0.7700112462043762]
    }
}