{
    "params": {
        "dropout": 0.2
    },
    "bce": {
        "test_miou": 0.48661576542095397,
        "val_miou": [0.5868270397186279, 0.6185441613197327, 0.638727068901062, 0.6494355201721191, 0.643280029296875, 0.6598671674728394, 0.6686073541641235, 0.6737456321716309, 0.6797804832458496],
        "best_epoch": 8,
        "train_miou": [0.5951640009880066, 0.6397981643676758, 0.6673182845115662, 0.6839956641197205, 0.6912493705749512, 0.7198646068572998, 0.7331910133361816, 0.7389582991600037, 0.7500503659248352]
    },
    "dice": {
        "test_miou": 0.4236147927060736,
        "val_miou": [0.6140570640563965, 0.6531206965446472, 0.6760767698287964, 0.6779137849807739, 0.6886624693870544, 0.6942870020866394, 0.7001699209213257, 0.7024767994880676, 0.6983141303062439],
        "best_epoch": 7,
        "train_miou": [0.6153335571289062, 0.6719889640808105, 0.7065701484680176, 0.7078210115432739, 0.7310572266578674, 0.7479833960533142, 0.760518491268158, 0.767878532409668, 0.7761948108673096]
    },
    "bce_dice": {
        "test_miou": 0.4562957203263091,
        "val_miou": [0.6094890236854553, 0.643375813961029, 0.6707215905189514, 0.6754827499389648, 0.6824729442596436, 0.6875461339950562, 0.6920176148414612, 0.6939603090286255, 0.696433961391449],
        "best_epoch": 8,
        "train_miou": [0.6169201135635376, 0.662211000919342, 0.6999353766441345, 0.7112449407577515, 0.727961540222168, 0.7435145378112793, 0.7612816691398621, 0.769798994064331, 0.7729355692863464, 0.7618343830108643]
    },
    "log_cosh": {
        "test_miou": 0.4190241877937136,
        "val_miou": [0.6154581308364868, 0.6524351835250854, 0.6712495684623718, 0.6847190260887146, 0.6621240377426147, 0.6900617480278015, 0.6851321458816528, 0.6953844428062439, 0.6932843923568726],
        "best_epoch": 7,
        "train_miou": [0.6191750764846802, 0.667303204536438, 0.6990813612937927, 0.7147178053855896, 0.6836056709289551, 0.7309315800666809, 0.7314428687095642, 0.7527433037757874, 0.7531290054321289, 0.7700112462043762]
    }
}