{
    "params": {
        "dropout": 0.2
    },
    "refined": {
        "unseen_refined": 0.40766737877820036,
        "unseen_regular": 0.40899723285388806,
        "seen_test_refined": 0.6814026395835826,
        "seen_test_regular": 0.6851000100339314,
        "seen_unseen_refined": 0.5119742332446049,
        "seen_unseen_regular": 0.5135263889591659,
        "val_miou": [0.6104820370674133, 0.6529680490493774, 0.6692597270011902, 0.682666003704071, 0.6871185898780823, 0.6949449181556702, 0.6953417658805847, 0.6956004500389099, 0.6849421858787537, 0.6954933404922485],
        "best_epoch": 7,
        "train_miou": [0.6154076457023621, 0.6690298914909363, 0.6996700167655945, 0.715349018573761, 0.7210657596588135, 0.7398432493209839, 0.7503982782363892, 0.7530145049095154, 0.7496413588523865, 0.7638971209526062]
    },
    "standard": {
        "unseen_refined": 0.41648836865259586,
        "seen_test_refined": 0.6714384035864502,
        "seen_unseen_refined": 0.5107542740009257
    }
}