{
    "params": {
        "dropout": 0.2
    },
    "sd2": {
        "unseen_test": 0.3920004467598484,
        "seen_unseen_test": 0.4804094499932164,
        "seen_test": 0,
        "val_miou": [0.5502815842628479, 0.5969344973564148, 0.617817759513855, 0.6316527724266052, 0.6386020183563232, 0.6468313336372375, 0.6473426818847656, 0.6512342095375061, 0.654671311378479, 0.6513229012489319],
        "best_epoch": 8,
        "train_miou": [0.5589256286621094, 0.6126382946968079, 0.644256055355072, 0.6623727083206177, 0.6740869879722595, 0.6900222897529602, 0.6931690573692322, 0.707084059715271, 0.7127183079719543, 0.7204245924949646]
    }
}