{
    "params": {
        "dropout": 0.2
    },
    "bce": {
        "val_miou": [0.592002272605896],
        "best_epoch": 0,
        "train_miou": [0.6097555160522461],
        "unseen_miou": 0.3550976631261656,
        "seen_unseen_miou": 0.42074611925018474,
        "seen_test_miou": 0.5697769319565891
    },
    "dice": {
        "val_miou": [0.6274951696395874],
        "best_epoch": 0,
        "train_miou": [0.6383107304573059],
        "unseen_miou": 0.35438730465596957,
        "seen_unseen_miou": 0.4375335936684359,
        "seen_test_miou": 0.5915715851215158
    },
    "bce_dice": {
        "val_miou": [0.6232395768165588],
        "best_epoch": 0,
        "train_miou": [0.6402295231819153],
        "unseen_miou": 0.3516428653993695,
        "seen_unseen_miou": 0.4272990094048325,
        "seen_test_miou": 0.5871835331483344
    },
    "log_cosh": {
        "val_miou": [0.6258466839790344],
        "best_epoch": 0,
        "train_miou": [0.6333569884300232],
        "unseen_miou": 0.38225636232776267,
        "seen_unseen_miou": 0.44259534476630474,
        "seen_test_miou": 0.5819556676453457
    }
}